INSERT INTO dim_date VALUES
(20240101,'2024-01-01','Monday',1,1,'January','Q1',2024,false),
(20240102,'2024-01-02','Tuesday',2,1,'January','Q1',2024,false),
(20240103,'2024-01-03','Wednesday',3,1,'January','Q1',2024,false),
(20240104,'2024-01-04','Thursday',4,1,'January','Q1',2024,false),
(20240105,'2024-01-05','Friday',5,1,'January','Q1',2024,false),
(20240106,'2024-01-06','Saturday',6,1,'January','Q1',2024,true),
(20240107,'2024-01-07','Sunday',7,1,'January','Q1',2024,true),
(20240108,'2024-01-08','Monday',8,1,'January','Q1',2024,false),
(20240109,'2024-01-09','Tuesday',9,1,'January','Q1',2024,false),
(20240110,'2024-01-10','Wednesday',10,1,'January','Q1',2024,false),
(20240115,'2024-01-15','Monday',15,1,'January','Q1',2024,false),
(20240120,'2024-01-20','Saturday',20,1,'January','Q1',2024,true),
(20240121,'2024-01-21','Sunday',21,1,'January','Q1',2024,true),
(20240201,'2024-02-01','Thursday',1,2,'February','Q1',2024,false),
(20240202,'2024-02-02','Friday',2,2,'February','Q1',2024,false),
(20240203,'2024-02-03','Saturday',3,2,'February','Q1',2024,true),
(20240204,'2024-02-04','Sunday',4,2,'February','Q1',2024,true),
(20240205,'2024-02-05','Monday',5,2,'February','Q1',2024,false),
(20240210,'2024-02-10','Saturday',10,2,'February','Q1',2024,true),
(20240211,'2024-02-11','Sunday',11,2,'February','Q1',2024,true),
(20240215,'2024-02-15','Thursday',15,2,'February','Q1',2024,false),
(20240220,'2024-02-20','Tuesday',20,2,'February','Q1',2024,false),
(20240225,'2024-02-25','Sunday',25,2,'February','Q1',2024,true),
(20240228,'2024-02-28','Wednesday',28,2,'February','Q1',2024,false),
(20240229,'2024-02-29','Thursday',29,2,'February','Q1',2024,false),
(20240112,'2024-01-12','Friday',12,1,'January','Q1',2024,false),
(20240113,'2024-01-13','Saturday',13,1,'January','Q1',2024,true),
(20240114,'2024-01-14','Sunday',14,1,'January','Q1',2024,true),
(20240217,'2024-02-17','Saturday',17,2,'February','Q1',2024,true),
(20240218,'2024-02-18','Sunday',18,2,'February','Q1',2024,true);
INSERT INTO dim_product (product_id, product_name, category, subcategory, unit_price) VALUES
('ELEC001','Laptop Pro','Electronics','Computers',50000),
('ELEC002','Smartphone X','Electronics','Mobiles',30000),
('ELEC003','LED TV','Electronics','Television',45000),
('ELEC004','Bluetooth Speaker','Electronics','Audio',2500),
('ELEC005','Wireless Earbuds','Electronics','Audio',1500),
('FASH001','Running Shoes','Fashion','Footwear',3500),
('FASH002','Jeans','Fashion','Apparel',2800),
('FASH003','T-Shirt','Fashion','Apparel',1200),
('FASH004','Jacket','Fashion','Outerwear',6000),
('FASH005','Sneakers','Fashion','Footwear',4500),
('GROC001','Basmati Rice','Groceries','Grains',900),
('GROC002','Cooking Oil','Groceries','Essentials',1400),
('GROC003','Organic Honey','Groceries','Health',500),
('GROC004','Dry Fruits','Groceries','Snacks',2200),
('GROC005','Green Tea','Groceries','Beverages',350);
INSERT INTO dim_customer (customer_id, customer_name, city, state, customer_segment) VALUES
('C001','John Doe','Mumbai','Maharashtra','High Value'),
('C002','Priya Sharma','Delhi','Delhi','Medium Value'),
('C003','Amit Verma','Bangalore','Karnataka','Medium Value'),
('C004','Neha Singh','Chennai','Tamil Nadu','Low Value'),
('C005','Rahul Mehta','Mumbai','Maharashtra','High Value'),
('C006','Sneha Iyer','Bangalore','Karnataka','Medium Value'),
('C007','Karan Patel','Ahmedabad','Gujarat','Low Value'),
('C008','Pooja Nair','Chennai','Tamil Nadu','Medium Value'),
('C009','Rohit Gupta','Delhi','Delhi','High Value'),
('C010','Anjali Rao','Bangalore','Karnataka','Low Value'),
('C011','Vikas Malhotra','Mumbai','Maharashtra','High Value'),
('C012','Meera Joshi','Ahmedabad','Gujarat','Medium Value');
INSERT INTO fact_sales (date_key, product_key, customer_key, quantity_sold, unit_price, discount_amount, total_amount) VALUES
(20240106,1,1,2,50000,5000,95000),
(20240107,2,2,1,30000,0,30000),
(20240113,3,3,1,45000,2000,43000),
(20240114,4,4,3,2500,0,7500),
(20240120,5,5,4,1500,0,6000),
(20240203,6,6,2,3500,500,6500),
(20240204,7,7,1,2800,0,2800),
(20240210,8,8,3,1200,0,3600),
(20240211,9,9,1,6000,500,5500),
(20240217,10,10,2,4500,0,9000),
(20240105,11,11,5,900,0,4500),
(20240108,12,12,2,1400,200,2600),
(20240109,13,1,3,500,0,1500),
(20240110,14,2,1,2200,0,2200),
(20240112,15,3,4,350,0,1400),

(20240201,1,4,1,50000,3000,47000),
(20240202,2,5,2,30000,2000,58000),
(20240205,3,6,1,45000,0,45000),
(20240215,4,7,2,2500,0,5000),
(20240220,5,8,3,1500,0,4500),
(20240225,6,9,1,3500,0,3500),
(20240228,7,10,2,2800,300,5300),
(20240229,8,11,1,1200,0,1200),
(20240103,9,12,2,6000,1000,11000),
(20240104,10,1,1,4500,0,4500),

(20240115,11,2,6,900,0,5400),
(20240121,12,3,3,1400,200,4000),
(20240122,13,4,5,500,0,2500),
(20240123,14,5,2,2200,0,4400),
(20240124,15,6,4,350,0,1400),

(20240218,1,7,1,50000,5000,45000),
(20240210,2,8,1,30000,0,30000),
(20240211,3,9,2,45000,3000,87000),
(20240203,4,10,4,2500,0,10000),
(20240204,5,11,5,1500,0,7500),
(20240217,6,12,3,3500,500,10000),
(20240220,7,1,2,2800,0,5600),
(20240225,8,2,4,1200,0,4800),
(20240228,9,3,1,6000,0,6000),
(20240229,10,4,2,4500,0,9000);
